Comment,Designator,Footprint,LCSC Part #,Quantity,Manufacturer,MPN
0.1uf,"C1, C5",C_0402_1005Metric,,2,,
100n,"C2, C8, C11, C12, C13, C14, C15, C16, C17, C18, C24",C_0402_1005Metric,,11,,
15p,"C3, C4",C_0402_1005Metric,,2,,
4.7u,"C6, C7",C_0402_1005Metric_small_pads,,2,,
4.7u,"C9, C10",C_0402_1005Metric,,2,,
10u,C19,C_0805_2012Metric,,1,,
10nf,C20,C_0805_2012Metric,,1,,
100uf,C21,C_1206_3216Metric,,1,,
10nf,"C22, C23",C_0402_1005Metric,,2,,
10u,C25,C_0805_2012Metric,C15850,1,Samsung,CL21A106KAYNNNE
100n,C26,C_0402_1005Metric,C1525,1,Samsung,CL05B104KO5NNNC
1u,C27,C_0805_2012Metric,C28323,1,Samsung,CL21B105KBFNNNE
LED,D1,LED_0603_1608Metric,,1,,
USB_C_Receptacle_USB2.0_14P,J5,HRO-TYPE-C-31-M-12,,1,,
AOTA-B201610S3R3-101-T,L1,L_pol_2016,,1,,
1k,"R2, R4, R6, R9, R17, R18",R_0402_1005Metric,,6,,
5.1k,"R3, R11",R_0603_1608Metric,,2,,
33,R5,R_0402_1005Metric,,1,,
27,"R7, R8",R_0402_1005Metric,,2,,
100k,"R10, R12, R15, R16",R_0402_1005Metric,,4,,
10k,R14,R_0402_1005Metric,,1,,
K2-1808SN-A4SW-01,"SW1, SW2, SW3",K2-1808SN-A4SW-01,,3,,
RP2350_60QFN,U1,RP2350-QFN-60-1EP_7x7_P0.4mm_EP3.4x3.4mm_ThermalVias,,1,,
W25Q128JVS,U2,SOIC-8_5.23x5.23mm_P1.27mm,,1,,
MCP6002-xSN,U3,SOIC-8_3.9x4.9mm_P1.27mm,,1,,
PT8211-S,U4,SOIC-8_3.9x4.9mm_P1.27mm,,1,,
PSRAM,U5,SOIC-8 Generic,,1,,
AP2112K-3.3,U6,SOT-23-5,C51118,1,Diodes,AP2112K-3.3TRG1
ABM8-272-T3,Y1,Crystal_SMD_3225-4Pin_3.2x2.5mm,,1,,
