﻿Designator,Footprint,Quantity,Value,LCSC Part #
"C10, C6, C7, C9",0402,4,4.7u,
"C11, C12, C13, C14, C15, C16, C17, C18, C2, C8",0402,10,100n,
C19,0805,1,10u,
C20,0805,1,10nf,
"C3, C4",0402,2,15p,
D1,0603,1,LED,
"GND1, V_SUPPLY1",PinHeader_1x05_P2.54mm_Vertical,2,Conn_01x05_Pin,
"J1, J2",PinSocket_1x08_P2.54mm_Vertical,2,Conn_01x08_Socket,
J5,HRO-TYPE-C-31-M-12,1,USB_C_Receptacle_USB2.0_14P,
L1,L_pol_2016,1,AOTA-B201610S3R3-101-T,
"R11, R3",0603,2,5.1k,
"R2, R4, R6, R9",0402,4,1k,
R5,0402,1,33,
"R7, R8",0402,2,27,
SW1,K2-1808SN-A4SW-01,1,SW_SPST,
"SW2, SW3",K2-1808SN-A4SW-01,2,K2-1808SN-A4SW-01,
U1,RP2350-QFN-60-1EP_7x7_P0.4mm_EP3.4x3.4mm_ThermalVias,1,RP2350_60QFN,
U2,SOIC-8_5.23x5.23mm_P1.27mm,1,W25Q128JVS,
Y1,Crystal_SMD_3225-4Pin_3.2x2.5mm,1,ABM8-272-T3,
