Designator,Footprint,DNP,Policy,Native LCSC,Ordering note
5V14,Connector_PinSocket_2.54mm:PinSocket_2x05_P2.54mm_Vertical,false,hand-solder,C2894966,Builder supplied; socket sourcing override applies
C1,Capacitor_SMD:C_0402_1005Metric,false,JLCPCB-SMD,C1525,Placement preview pending
C2,Capacitor_SMD:C_0805_2012Metric,false,JLCPCB-SMD,C28323,Placement preview pending
C3,Capacitor_SMD:C_1206_3216Metric,false,JLCPCB-SMD,C15008,Placement preview pending
C4,Capacitor_SMD:C_0805_2012Metric,false,JLCPCB-SMD,C1779,Placement preview pending
C5,Capacitor_SMD:C_0805_2012Metric,false,JLCPCB-SMD,C472806,Placement preview pending
C6,Capacitor_SMD:C_1206_3216Metric,false,JLCPCB-SMD,C90146,Placement preview pending
C7,Capacitor_SMD:C_1206_3216Metric,false,JLCPCB-SMD,C15008,Placement preview pending
C8,Capacitor_SMD:C_1206_3216Metric,false,JLCPCB-SMD,C15008,Placement preview pending
C9,Capacitor_SMD:C_1206_3216Metric,false,JLCPCB-SMD,C15008,Placement preview pending
C10,Capacitor_SMD:C_1206_3216Metric,false,JLCPCB-SMD,C15008,Placement preview pending
C11,Capacitor_SMD:C_1206_3216Metric,false,JLCPCB-SMD,C15008,Placement preview pending
C12,Capacitor_SMD:C_1206_3216Metric,false,JLCPCB-SMD,C15008,Placement preview pending
C13,Capacitor_SMD:C_1206_3216Metric,false,JLCPCB-SMD,C15008,Placement preview pending
C14,Capacitor_SMD:C_1206_3216Metric,false,JLCPCB-SMD,C15008,Placement preview pending
C15,Capacitor_SMD:C_0402_1005Metric,false,JLCPCB-SMD,C1525,Placement preview pending
C16,Capacitor_SMD:C_0402_1005Metric,false,JLCPCB-SMD,C16772,Placement preview pending
C17,Capacitor_SMD:C_1206_3216Metric,false,JLCPCB-SMD,C90146,Placement preview pending
C18,Capacitor_SMD:C_0603_1608Metric,false,JLCPCB-SMD,C1705,Placement preview pending
C19,Capacitor_SMD:C_0603_1608Metric,false,JLCPCB-SMD,C1705,Placement preview pending
C20,Capacitor_SMD:C_1206_3216Metric,false,JLCPCB-SMD,C15008,Placement preview pending
C21,Capacitor_SMD:C_0402_1005Metric,false,JLCPCB-SMD,C1525,Placement preview pending
C22,Capacitor_SMD:C_0402_1005Metric,false,JLCPCB-SMD,C52923,Placement preview pending
C23,Capacitor_SMD:C_0402_1005Metric,false,JLCPCB-SMD,C1525,Placement preview pending
C24,Capacitor_SMD:C_0402_1005Metric,false,JLCPCB-SMD,C52923,Placement preview pending
C25,Capacitor_SMD:C_0402_1005Metric,false,JLCPCB-SMD,C1525,Placement preview pending
C26,Capacitor_SMD:C_0402_1005Metric,false,JLCPCB-SMD,C52923,Placement preview pending
C27,Capacitor_SMD:C_0402_1005Metric,false,JLCPCB-SMD,C1525,Placement preview pending
C28,Capacitor_SMD:C_0402_1005Metric,false,JLCPCB-SMD,C52923,Placement preview pending
C29,Capacitor_SMD:C_0402_1005Metric,false,JLCPCB-SMD,C1525,Placement preview pending
C30,Capacitor_SMD:C_0402_1005Metric,false,JLCPCB-SMD,C52923,Placement preview pending
C31,Capacitor_SMD:C_0402_1005Metric,false,JLCPCB-SMD,C1525,Placement preview pending
C32,Capacitor_SMD:C_0402_1005Metric,false,JLCPCB-SMD,C52923,Placement preview pending
C33,Capacitor_SMD:C_0402_1005Metric,false,JLCPCB-SMD,C1525,Placement preview pending
C34,Capacitor_SMD:C_0402_1005Metric,false,JLCPCB-SMD,C52923,Placement preview pending
C35,Capacitor_SMD:C_0402_1005Metric,false,JLCPCB-SMD,C1525,Placement preview pending
C36,Capacitor_SMD:C_0402_1005Metric,false,JLCPCB-SMD,C52923,Placement preview pending
C37,Capacitor_SMD:C_0402_1005Metric,false,JLCPCB-SMD,C1525,Placement preview pending
C38,Capacitor_SMD:C_0402_1005Metric,false,JLCPCB-SMD,C52923,Placement preview pending
C39,Capacitor_SMD:C_0402_1005Metric,false,JLCPCB-SMD,C1525,Placement preview pending
C40,Capacitor_SMD:C_0402_1005Metric,false,JLCPCB-SMD,C52923,Placement preview pending
C41,Capacitor_SMD:C_0402_1005Metric,false,JLCPCB-SMD,C1525,Placement preview pending
C42,Capacitor_SMD:C_0402_1005Metric,false,JLCPCB-SMD,C52923,Placement preview pending
C43,Capacitor_SMD:C_0402_1005Metric,false,JLCPCB-SMD,C1525,Placement preview pending
C44,Capacitor_SMD:C_0402_1005Metric,false,JLCPCB-SMD,C52923,Placement preview pending
C45,Capacitor_SMD:C_0402_1005Metric,false,JLCPCB-SMD,C1525,Placement preview pending
C46,Capacitor_SMD:C_1210_3225Metric,false,JLCPCB-SMD,C394395,Placement preview pending
C47,Capacitor_SMD:C_0402_1005Metric,false,JLCPCB-SMD,C1525,Placement preview pending
C48,Capacitor_SMD:C_0402_1005Metric,false,JLCPCB-SMD,C1525,Placement preview pending
C50,Capacitor_SMD:C_0402_1005Metric,false,JLCPCB-SMD,C1525,Placement preview pending
C51,Capacitor_SMD:C_0402_1005Metric,false,JLCPCB-SMD,C1525,Placement preview pending
C52,Capacitor_SMD:C_0402_1005Metric,false,JLCPCB-SMD,C1525,Placement preview pending
D1,LED_SMD:LED_0603_1608Metric,false,JLCPCB-SMD,C2286,Placement preview pending
D2,Diode_SMD:D_SMA,false,JLCPCB-SMD,C78401,Placement preview pending
D3,Diode_SMD:D_SMA,false,JLCPCB-SMD,C78401,Placement preview pending
F1,Fuse:Fuse_1812_4532Metric,false,JLCPCB-SMD,C883156,Placement preview pending
F2,Fuse:Fuse_1812_4532Metric,false,JLCPCB-SMD,C210834,Placement preview pending
FB1,Capacitor_SMD:C_0805_2012Metric,false,JLCPCB-SMD,C12389,Placement preview pending
FB2,Capacitor_SMD:C_0805_2012Metric,false,JLCPCB-SMD,C12389,Placement preview pending
GND1,BreadModular_MISC:Power_Connector,false,hand-solder,C2894928,Builder supplied; socket sourcing override applies
GND2,BreadModular_MISC:Power_Connector,false,hand-solder,C2894928,Builder supplied; socket sourcing override applies
GND3,BreadModular_MISC:Power_Connector,false,hand-solder,C2894928,Builder supplied; socket sourcing override applies
GND4,BreadModular_MISC:Power_Connector,false,hand-solder,C2894928,Builder supplied; socket sourcing override applies
GND5,BreadModular_MISC:Power_Connector,false,hand-solder,C2894928,Builder supplied; socket sourcing override applies
GND6,BreadModular_MISC:Power_Connector,false,hand-solder,C2894928,Builder supplied; socket sourcing override applies
GND7,BreadModular_MISC:Power_Connector,false,hand-solder,C2894928,Builder supplied; socket sourcing override applies
GND8,BreadModular_MISC:Power_Connector,false,hand-solder,C2894928,Builder supplied; socket sourcing override applies
GND9,BreadModular_MISC:Power_Connector,false,hand-solder,C2894928,Builder supplied; socket sourcing override applies
GND10,BreadModular_MISC:Power_Connector,false,hand-solder,C2894928,Builder supplied; socket sourcing override applies
GND11,BreadModular_MISC:Power_Connector,false,hand-solder,C2894928,Builder supplied; socket sourcing override applies
GND12,BreadModular_MISC:Power_Connector,false,hand-solder,C2894928,Builder supplied; socket sourcing override applies
INPUT1,Connector_PinSocket_2.54mm:PinSocket_1x05_P2.54mm_Vertical,false,hand-solder,C2894928,Builder supplied; socket sourcing override applies
J1,BreadModular_AudioJacks:Jack_3.5mm_QingPu_WQP-PJ366ST_Vertical,false,hand-solder,NOT-JLC,Builder supplied; socket sourcing override applies
J2,BreadModular_AudioJacks:Jack_3.5mm_QingPu_WQP-PJ366ST_Vertical,false,hand-solder,NOT-JLC,Builder supplied; socket sourcing override applies
J4,BreadModular_AudioJacks:Jack_3.5mm_QingPu_WQP-PJ366ST_Vertical,false,hand-solder,NOT-JLC,Builder supplied; socket sourcing override applies
J5,BreadModular_TypeC:HRO-TYPE-C-31-M-12,false,JLCPCB-SMD,C165948,Placement preview pending
J6,BreadModular_AudioJacks:Jack_3.5mm_QingPu_WQP-PJ366ST_Vertical,false,hand-solder,NOT-JLC,Builder supplied; socket sourcing override applies
J7,Connector_PinHeader_2.00mm:PinHeader_1x02_P2.00mm_Vertical,false,hand-solder,C2905948,Builder supplied; socket sourcing override applies
J8,Connector_PinHeader_2.00mm:PinHeader_1x02_P2.00mm_Vertical,false,hand-solder,C2905948,Builder supplied; socket sourcing override applies
J9,Connector_PinHeader_2.00mm:PinHeader_1x02_P2.00mm_Vertical,false,hand-solder,C2905948,Builder supplied; socket sourcing override applies
J10,Connector_PinHeader_2.00mm:PinHeader_1x02_P2.00mm_Vertical,false,hand-solder,C2905948,Builder supplied; socket sourcing override applies
J11,Connector_PinHeader_2.00mm:PinHeader_1x02_P2.00mm_Vertical,false,hand-solder,C2905948,Builder supplied; socket sourcing override applies
J12,Connector_PinHeader_2.00mm:PinHeader_1x02_P2.00mm_Vertical,false,hand-solder,C2905948,Builder supplied; socket sourcing override applies
J13,Connector_PinHeader_2.00mm:PinHeader_1x02_P2.00mm_Vertical,false,hand-solder,C2905948,Builder supplied; socket sourcing override applies
J14,Connector_PinHeader_2.00mm:PinHeader_1x02_P2.00mm_Vertical,false,hand-solder,C2905948,Builder supplied; socket sourcing override applies
J15,Connector_PinHeader_2.00mm:PinHeader_1x02_P2.00mm_Vertical,false,hand-solder,C2905948,Builder supplied; socket sourcing override applies
J16,Connector_PinHeader_2.00mm:PinHeader_1x02_P2.00mm_Vertical,false,hand-solder,C2905948,Builder supplied; socket sourcing override applies
J17,Connector_PinHeader_2.00mm:PinHeader_1x02_P2.00mm_Vertical,false,hand-solder,C2905948,Builder supplied; socket sourcing override applies
J18,Connector_PinHeader_2.00mm:PinHeader_1x02_P2.00mm_Vertical,false,hand-solder,C2905948,Builder supplied; socket sourcing override applies
J23,Connector_PinHeader_2.00mm:PinHeader_1x02_P2.00mm_Vertical,true,DNP,C2905948,Not ordered/fitted
R1,Resistor_SMD:R_0402_1005Metric,false,JLCPCB-SMD,C11702,Placement preview pending
R2,Resistor_SMD:R_0603_1608Metric,false,JLCPCB-SMD,C23186,Placement preview pending
R3,Resistor_SMD:R_0603_1608Metric,false,JLCPCB-SMD,C23186,Placement preview pending
R4,Resistor_SMD:R_0402_1005Metric,false,JLCPCB-SMD,C25741,Placement preview pending
R5,Resistor_SMD:R_0402_1005Metric,false,JLCPCB-SMD,C11512,Placement preview pending
R6,Resistor_SMD:R_0402_1005Metric,false,JLCPCB-SMD,C25741,Placement preview pending
R7,Resistor_SMD:R_0402_1005Metric,false,JLCPCB-SMD,C25741,Placement preview pending
R8,Resistor_SMD:R_0402_1005Metric,false,JLCPCB-SMD,C25741,Placement preview pending
R9,Resistor_SMD:R_0402_1005Metric,false,JLCPCB-SMD,C25741,Placement preview pending
R10,Resistor_SMD:R_1206_3216Metric,false,JLCPCB-SMD,C17903,Placement preview pending
R12,Resistor_SMD:R_1206_3216Metric,false,JLCPCB-SMD,C17903,Placement preview pending
R14,Resistor_SMD:R_0402_1005Metric,false,JLCPCB-SMD,C11702,Placement preview pending
R15,Resistor_SMD:R_0402_1005Metric,false,JLCPCB-SMD,C11702,Placement preview pending
R16,Resistor_SMD:R_0402_1005Metric,false,JLCPCB-SMD,C26083,Placement preview pending
R17,Resistor_SMD:R_0402_1005Metric,false,JLCPCB-SMD,C26083,Placement preview pending
R18,Resistor_SMD:R_0603_1608Metric,false,JLCPCB-SMD,C25822,Placement preview pending
R19,Resistor_SMD:R_0603_1608Metric,false,JLCPCB-SMD,C25822,Placement preview pending
R20,Resistor_SMD:R_0402_1005Metric,false,JLCPCB-SMD,C11702,Placement preview pending
R21,Resistor_SMD:R_0402_1005Metric,false,JLCPCB-SMD,C11702,Placement preview pending
R24,Resistor_SMD:R_0402_1005Metric,false,JLCPCB-SMD,C11512,Placement preview pending
R26,Resistor_SMD:R_0402_1005Metric,false,JLCPCB-SMD,C25076,Placement preview pending
R27,Resistor_SMD:R_0402_1005Metric,false,JLCPCB-SMD,C25890,Placement preview pending
R29,Resistor_SMD:R_0402_1005Metric,false,JLCPCB-SMD,C25741,Placement preview pending
R31,Resistor_SMD:R_0402_1005Metric,false,JLCPCB-SMD,C25741,Placement preview pending
R33,Resistor_SMD:R_0402_1005Metric,false,JLCPCB-SMD,C25741,Placement preview pending
R35,Resistor_SMD:R_0402_1005Metric,false,JLCPCB-SMD,C25741,Placement preview pending
R37,Resistor_SMD:R_0402_1005Metric,false,JLCPCB-SMD,C25741,Placement preview pending
R39,Resistor_SMD:R_0402_1005Metric,false,JLCPCB-SMD,C25741,Placement preview pending
R41,Resistor_SMD:R_0402_1005Metric,false,JLCPCB-SMD,C25741,Placement preview pending
R43,Resistor_SMD:R_0402_1005Metric,false,JLCPCB-SMD,C25741,Placement preview pending
R45,Resistor_SMD:R_0402_1005Metric,false,JLCPCB-SMD,C25741,Placement preview pending
R47,Resistor_SMD:R_0402_1005Metric,false,JLCPCB-SMD,C25741,Placement preview pending
R49,Resistor_SMD:R_0402_1005Metric,false,JLCPCB-SMD,C25741,Placement preview pending
R51,Resistor_SMD:R_0402_1005Metric,false,JLCPCB-SMD,C25741,Placement preview pending
R55,Resistor_SMD:R_0402_1005Metric,false,JLCPCB-SMD,C25741,Placement preview pending
R57,Resistor_SMD:R_0402_1005Metric,false,JLCPCB-SMD,C25076,Placement preview pending
R58,Resistor_SMD:R_0402_1005Metric,false,JLCPCB-SMD,C25744,Placement preview pending
R59,Resistor_SMD:R_0402_1005Metric,false,JLCPCB-SMD,C25744,Placement preview pending
RV1,BreadModular_Pots:Potentiometer_RV09,false,hand-solder,NOT-JLC,Builder supplied; socket sourcing override applies
RV2,BreadModular_Pots:Potentiometer_RV09,false,hand-solder,NOT-JLC,Builder supplied; socket sourcing override applies
SW1,BreadModular_MISC:K2-1808SN-A4SW-01,false,JLCPCB-SMD,C92589,Placement preview pending
U2,Package_SO:SOIC-8_3.9x4.9mm_P1.27mm,false,JLCPCB-SMD,C7377,Placement preview pending
U3,Package_SO:SOIC-8_3.9x4.9mm_P1.27mm,false,JLCPCB-SMD,C93687,Placement preview pending
U4,Package_SO:SOIC-8_3.9x4.9mm_P1.27mm,false,JLCPCB-SMD,C7377,Placement preview pending
U5,Package_TO_SOT_SMD:SOT-23-5,false,JLCPCB-SMD,C51118,Placement preview pending
U6,Package_TO_SOT_SMD:SOT-583-8,false,JLCPCB-SMD,C3235557,Placement preview pending
U7,Package_TO_SOT_SMD:SOT-583-8,false,JLCPCB-SMD,C3235557,Placement preview pending
U8,Package_TO_SOT_SMD:SOT-583-8,false,JLCPCB-SMD,C3235557,Placement preview pending
U9,Package_TO_SOT_SMD:SOT-583-8,false,JLCPCB-SMD,C3235557,Placement preview pending
U10,Package_TO_SOT_SMD:SOT-583-8,false,JLCPCB-SMD,C3235557,Placement preview pending
U11,Package_TO_SOT_SMD:SOT-583-8,false,JLCPCB-SMD,C3235557,Placement preview pending
U12,Package_TO_SOT_SMD:SOT-583-8,false,JLCPCB-SMD,C3235557,Placement preview pending
U13,Package_TO_SOT_SMD:SOT-583-8,false,JLCPCB-SMD,C3235557,Placement preview pending
U14,Package_TO_SOT_SMD:SOT-583-8,false,JLCPCB-SMD,C3235557,Placement preview pending
U15,Package_TO_SOT_SMD:SOT-583-8,false,JLCPCB-SMD,C3235557,Placement preview pending
U16,Package_TO_SOT_SMD:SOT-583-8,false,JLCPCB-SMD,C3235557,Placement preview pending
U17,Package_TO_SOT_SMD:SOT-583-8,false,JLCPCB-SMD,C3235557,Placement preview pending
U18,Package_SO:TSSOP-10_3x3mm_P0.5mm,false,JLCPCB-SMD,C11133,Placement preview pending
VSUPPLY_1,BreadModular_MISC:Power_Connector,false,hand-solder,C2894928,Builder supplied; socket sourcing override applies
VSUPPLY_2,BreadModular_MISC:Power_Connector,false,hand-solder,C2894928,Builder supplied; socket sourcing override applies
VSUPPLY_3,BreadModular_MISC:Power_Connector,false,hand-solder,C2894928,Builder supplied; socket sourcing override applies
VSUPPLY_4,BreadModular_MISC:Power_Connector,false,hand-solder,C2894928,Builder supplied; socket sourcing override applies
VSUPPLY_5,BreadModular_MISC:Power_Connector,false,hand-solder,C2894928,Builder supplied; socket sourcing override applies
VSUPPLY_6,BreadModular_MISC:Power_Connector,false,hand-solder,C2894928,Builder supplied; socket sourcing override applies
VSUPPLY_7,BreadModular_MISC:Power_Connector,false,hand-solder,C2894928,Builder supplied; socket sourcing override applies
VSUPPLY_8,BreadModular_MISC:Power_Connector,false,hand-solder,C2894928,Builder supplied; socket sourcing override applies
VSUPPLY_9,BreadModular_MISC:Power_Connector,false,hand-solder,C2894928,Builder supplied; socket sourcing override applies
VSUPPLY_10,BreadModular_MISC:Power_Connector,false,hand-solder,C2894928,Builder supplied; socket sourcing override applies
VSUPPLY_11,BreadModular_MISC:Power_Connector,false,hand-solder,C2894928,Builder supplied; socket sourcing override applies
VSUPPLY_12,BreadModular_MISC:Power_Connector,false,hand-solder,C2894928,Builder supplied; socket sourcing override applies
